﻿<?xml version="1.0" encoding="UTF-8"?>
<Form xmlns="http://v8.1c.ru/8.3/xcf/logform" xmlns:app="http://v8.1c.ru/8.2/managed-application/core" xmlns:cfg="http://v8.1c.ru/8.1/data/enterprise/current-config" xmlns:dcscor="http://v8.1c.ru/8.1/data-composition-system/core" xmlns:dcsset="http://v8.1c.ru/8.1/data-composition-system/settings" xmlns:ent="http://v8.1c.ru/8.1/data/enterprise" xmlns:lf="http://v8.1c.ru/8.2/managed-application/logform" xmlns:style="http://v8.1c.ru/8.1/data/ui/style" xmlns:sys="http://v8.1c.ru/8.1/data/ui/fonts/system" xmlns:v8="http://v8.1c.ru/8.1/data/core" xmlns:v8ui="http://v8.1c.ru/8.1/data/ui" xmlns:web="http://v8.1c.ru/8.1/data/ui/colors/web" xmlns:win="http://v8.1c.ru/8.1/data/ui/colors/windows" xmlns:xr="http://v8.1c.ru/8.3/xcf/readable" xmlns:xs="http://www.w3.org/2001/XMLSchema" xmlns:xsi="http://www.w3.org/2001/XMLSchema-instance" version="2.16">
	<WindowOpeningMode>LockOwnerWindow</WindowOpeningMode>
	<AutoCommandBar name="" id="-1"/>
	<ChildItems>
		<InputField name="Организация" id="1">
			<DataPath>НаборКонстант.Организация</DataPath>
			<EditMode>EnterOnInput</EditMode>
			<ContextMenu name="ОрганизацияКонтекстноеМеню" id="2"/>
			<ExtendedTooltip name="ОрганизацияРасширеннаяПодсказка" id="3"/>
		</InputField>
		<InputField name="Адрес_организации" id="4">
			<DataPath>НаборКонстант.Адрес_организации</DataPath>
			<EditMode>EnterOnInput</EditMode>
			<ContextMenu name="Адрес_организацииКонтекстноеМеню" id="5"/>
			<ExtendedTooltip name="Адрес_организацииРасширеннаяПодсказка" id="6"/>
		</InputField>
		<InputField name="ФИО_руководителя" id="7">
			<DataPath>НаборКонстант.ФИО_руководителя</DataPath>
			<EditMode>EnterOnInput</EditMode>
			<ContextMenu name="ФИО_руководителяКонтекстноеМеню" id="8"/>
			<ExtendedTooltip name="ФИО_руководителяРасширеннаяПодсказка" id="9"/>
		</InputField>
		<InputField name="ИНН" id="10">
			<DataPath>НаборКонстант.ИНН</DataPath>
			<EditMode>EnterOnInput</EditMode>
			<ContextMenu name="ИННКонтекстноеМеню" id="11"/>
			<ExtendedTooltip name="ИННРасширеннаяПодсказка" id="12"/>
		</InputField>
	</ChildItems>
	<Attributes>
		<Attribute name="НаборКонстант" id="1">
			<Type>
				<v8:Type>cfg:ConstantsSet</v8:Type>
			</Type>
			<MainAttribute>true</MainAttribute>
			<SavedData>true</SavedData>
		</Attribute>
	</Attributes>
</Form>