﻿<?xml version="1.0" encoding="UTF-8"?>
<ConfigDumpInfo xmlns="http://v8.1c.ru/8.3/xcf/dumpinfo" xmlns:xen="http://v8.1c.ru/8.3/xcf/enums" xmlns:xs="http://www.w3.org/2001/XMLSchema" xmlns:xsi="http://www.w3.org/2001/XMLSchema-instance" format="Hierarchical" version="2.16">
	<ConfigVersions>
		<Metadata name="AccumulationRegister.Остатки_накоплений" id="c2d8b366-ff06-4ff2-ab3d-625b786b57a3" configVersion="a7b25afbc5f2564ca1a93de14b3cdfaf00000000">
			<Metadata name="AccumulationRegister.Остатки_накоплений.Resource.Количество" id="5619867b-2249-4625-a3fd-04d806626f3a"/>
			<Metadata name="AccumulationRegister.Остатки_накоплений.Dimension.Номенклатура" id="a02aec44-1862-48ca-a554-56daab070d4a"/>
			<Metadata name="AccumulationRegister.Остатки_накоплений.Dimension.Склад" id="d6308e42-4da2-4d56-bbfe-bca7c13e196c"/>
		</Metadata>
		<Metadata name="AccumulationRegister.Остатки_накоплений.Form.Остатки" id="b9755145-078e-4058-94e7-14ae2275414e" configVersion="495f3cbfe51b5443b24b6399877058c900000000"/>
		<Metadata name="AccumulationRegister.Остатки_накоплений.Form.Остатки.Form" id="b9755145-078e-4058-94e7-14ae2275414e.0" configVersion="a648292cdb60d94b89c72a1a3c7033c500000000"/>
		<Metadata name="Catalog.Договоры" id="fd07d45c-2011-4010-8a56-33616a3481e3" configVersion="e73b3ed75523e44d917cb4444d603e6d00000000"/>
		<Metadata name="Catalog.Должность" id="366503ef-eed7-4eab-92ca-a65d7fadf924" configVersion="8a145a9002e4524287ed114ad4c1c3c900000000"/>
		<Metadata name="Catalog.Контрагенты" id="57042943-cd21-4a67-bf06-e64ea148bb57" configVersion="dd4730407a9a0e4dbe53218161ffb7be00000000"/>
		<Metadata name="Catalog.Номенклатура" id="3f7f18ac-c23d-40d9-befd-6dfd4e5d3574" configVersion="64bbb1cc4bff514fb5e839465f8810e400000000">
			<Metadata name="Catalog.Номенклатура.Attribute.Производитель" id="28bead56-c949-49b1-b2e0-6f950631d2e0"/>
			<Metadata name="Catalog.Номенклатура.Attribute.Единицы_измерения" id="600c61a3-3b37-47f0-9b21-fb940682589f"/>
			<Metadata name="Catalog.Номенклатура.Attribute.Количество" id="b32f92bb-8df6-4298-9541-873f173d4901"/>
			<Metadata name="Catalog.Номенклатура.Attribute.Цена_за_единицу" id="be29895a-ca35-4072-8730-b3301bf2be67"/>
		</Metadata>
		<Metadata name="Catalog.Номенклатура.Form.Список_номенклатуры" id="b01c3f38-ce37-4263-9f63-01edf12439bb" configVersion="fc681a247771ee4798940fa71d075f6800000000"/>
		<Metadata name="Catalog.Номенклатура.Form.Список_номенклатуры.Form" id="b01c3f38-ce37-4263-9f63-01edf12439bb.0" configVersion="d422f34dfa8fe64a9b94a691e0c5e9de00000000"/>
		<Metadata name="Catalog.Склады" id="034c07a3-ddf3-4c2a-b6bd-e63cf121a95c" configVersion="4a9488c2e768a3469f47d0e7db405eba00000000"/>
		<Metadata name="Catalog.Сотрудники" id="d3890753-e9c5-4290-95cd-e9a372ec31c1" configVersion="f967e6e57f90b64bb3c37a27fb729b3d00000000">
			<Metadata name="Catalog.Сотрудники.Attribute.Адрес_регистрации" id="242ee211-c615-49c0-8cd6-11a622e483cc"/>
			<Metadata name="Catalog.Сотрудники.TabularSection.Семья.Attribute.Степень_родства" id="5d0d4845-08c5-4578-9d46-2f377685c7a4"/>
			<Metadata name="Catalog.Сотрудники.Attribute.Должность" id="69ea7c32-8576-4b9c-ae3f-a002ca7a5198"/>
			<Metadata name="Catalog.Сотрудники.Attribute.Дата_рождения" id="77247581-f70e-41ad-b127-a9dce257b900"/>
			<Metadata name="Catalog.Сотрудники.TabularSection.Семья.Attribute.Дата_рождения" id="7e54e8b2-2fb8-475a-8ecb-6063bfd253c0"/>
			<Metadata name="Catalog.Сотрудники.TabularSection.Семья.Attribute.ФИО" id="ae613cf8-3178-4b55-8595-7b8dd5bdc69f"/>
			<Metadata name="Catalog.Сотрудники.TabularSection.Семья" id="b5b90344-fb9d-400f-9b26-9b58163365f1"/>
			<Metadata name="Catalog.Сотрудники.TabularSection.Семья.Attribute.Пол" id="b8bf75c5-b250-4e60-89c7-f120c81a5130"/>
			<Metadata name="Catalog.Сотрудники.Attribute.Пол" id="e7c1fbef-213d-44f7-99d9-7b4566847b8c"/>
			<Metadata name="Catalog.Сотрудники.TabularSection.Семья.Attribute.Номер_пп" id="e8396ca4-e2e1-41b4-89c7-e0ecc5e743d4"/>
			<Metadata name="Catalog.Сотрудники.TabularSection.Семья.Attribute.Место_работы_учебы" id="eb53c981-2bb1-4f02-802c-1c46d0587dfb"/>
		</Metadata>
		<Metadata name="Catalog.Сотрудники.Form.Список_сотрудников" id="eabc4d01-85aa-446d-8b81-101e51cc9935" configVersion="3ae0109db7dc004ca0e618b54b09682600000000"/>
		<Metadata name="Catalog.Сотрудники.Form.Список_сотрудников.Form" id="eabc4d01-85aa-446d-8b81-101e51cc9935.0" configVersion="4feae8b706da3b49b5aabc2f41b8d87900000000"/>
		<Metadata name="CommonForm.Реквизиты_компании" id="4119e2f3-6c03-4e73-9536-34cca9465270" configVersion="d226721658b675489852064d5ae484f700000000"/>
		<Metadata name="CommonForm.Реквизиты_компании.Form" id="4119e2f3-6c03-4e73-9536-34cca9465270.0" configVersion="150a5ebf5ccc9b429ae778ba778462b800000000"/>
		<Metadata name="Configuration.Конфигурация" id="76d0a71d-d795-4f06-80bb-514629020c6a" configVersion="c91c3fe96a150749818057771a9c617e00000000"/>
		<Metadata name="Configuration.Конфигурация.HomePageWorkArea" id="22e15c83-8f7a-40a0-bdb4-39628f1d0e2b.8" configVersion="3b114384868671468a25b0267a0a13ca00000000"/>
		<Metadata name="Constant.Адрес_организации" id="5ae49114-fdfb-4d97-8ba7-a1170907cb60" configVersion="721f9848e72070419ee1c993bb9c06c800000000"/>
		<Metadata name="Constant.ИНН" id="33dabf89-1a59-4e8c-933f-d06b79b9a9f3" configVersion="69df0cb89f67d7489db5fa9146c3f4b500000000"/>
		<Metadata name="Constant.Организация" id="56051750-9074-419b-899d-4e45d0a381ac" configVersion="c16f74e1cddb4c41b518c3d1c702794700000000"/>
		<Metadata name="Constant.ФИО_руководителя" id="1d54cf35-12ec-4ecf-8368-c0ee2f8f4d19" configVersion="0bfab1b043efd049a3e83ae71b570f7000000000"/>
		<Metadata name="Document.Заказ_товара" id="3fda7335-c699-4f97-bf11-6eef3377ac0b" configVersion="220e51bb7e9d9f4a82fdd8478180076600000000">
			<Metadata name="Document.Заказ_товара.TabularSection.Заказ_товаров.Attribute.Номенклатура" id="10966d8c-9cbd-4022-ae50-ea1ea9d034ff"/>
			<Metadata name="Document.Заказ_товара.TabularSection.Заказ_товаров.Attribute.Цена_за_единицу" id="39d324f0-8f89-4a7d-b6d4-548e751de2f8"/>
			<Metadata name="Document.Заказ_товара.TabularSection.Заказ_товаров" id="4995435c-fe42-4b29-9740-559ffbe9c822"/>
			<Metadata name="Document.Заказ_товара.Attribute.Основание" id="4c78351f-4fdc-4908-95a7-72f5eb8313ca"/>
			<Metadata name="Document.Заказ_товара.Attribute.Контрагент" id="58fdb303-5275-4813-8d9a-e595cfaa5592"/>
			<Metadata name="Document.Заказ_товара.TabularSection.Заказ_товаров.Attribute.Количество" id="5bae96d3-fd4b-4c38-b96c-846518a186e0"/>
			<Metadata name="Document.Заказ_товара.TabularSection.Заказ_товаров.Attribute.Сумма" id="9112f781-18fa-4e19-b5f5-0ff3025b890f"/>
			<Metadata name="Document.Заказ_товара.TabularSection.Заказ_товаров.Attribute.Единицы_измерения" id="d0e79b26-0b6a-4764-a187-7ca7405fbb98"/>
		</Metadata>
		<Metadata name="Document.Заказ_товара.Form.ГлавнаяФорма" id="b910cc69-d1d1-450f-8a14-7090f3af56c4" configVersion="70dc60942b6ae140ac6a47106ff45b4400000000"/>
		<Metadata name="Document.Заказ_товара.Form.ГлавнаяФорма.Form" id="b910cc69-d1d1-450f-8a14-7090f3af56c4.0" configVersion="84be9ae46b535c4d868c49f115cf43a000000000"/>
		<Metadata name="Document.Поставка_товара" id="6168c944-0f56-4ca7-a0fc-d28d081aa0a2" configVersion="668eb5a4cdb2944eaa90356a51edce2500000000">
			<Metadata name="Document.Поставка_товара.Attribute.Основание" id="2e5b3d87-54fd-4c97-a8d6-0af95e6081e5"/>
			<Metadata name="Document.Поставка_товара.TabularSection.Поставка.Attribute.Номенклатура" id="32c28cec-72cf-427f-936a-6e8cb37d3661"/>
			<Metadata name="Document.Поставка_товара.TabularSection.Поставка.Attribute.Единицы_измерения" id="3d6dc2d1-6049-430e-bc27-1891e9b4489e"/>
			<Metadata name="Document.Поставка_товара.TabularSection.Поставка.Attribute.Сумма" id="71715a6a-ca7a-4b8f-8207-10b8efd89921"/>
			<Metadata name="Document.Поставка_товара.Attribute.Контрагент" id="7a7080c6-b19c-41f8-adeb-d346bea70cb0"/>
			<Metadata name="Document.Поставка_товара.TabularSection.Поставка" id="b873f1f6-9e64-47e9-880d-13e0db7154ba"/>
			<Metadata name="Document.Поставка_товара.TabularSection.Поставка.Attribute.Цена_за_единицу" id="cd1d3b1a-1d73-4264-8960-1f817d85e928"/>
			<Metadata name="Document.Поставка_товара.Attribute.Склад" id="d57f3268-381f-4b2f-a5db-7ee69220ec2d"/>
			<Metadata name="Document.Поставка_товара.TabularSection.Поставка.Attribute.Количество" id="f6a80bcd-8352-42ef-b582-573e1d3b39ea"/>
		</Metadata>
		<Metadata name="Document.Поставка_товара.Form.ГлавнаяФорма" id="f368981a-3e66-4f85-93cf-36d33cbc92e3" configVersion="8d8c4bd824ee694186953ee1daefbb8600000000"/>
		<Metadata name="Document.Поставка_товара.Form.ГлавнаяФорма.Form" id="f368981a-3e66-4f85-93cf-36d33cbc92e3.0" configVersion="5db43706fbef8c4ebb4092361e523e6100000000"/>
		<Metadata name="Document.Поставка_товара.Form.ГлавнаяФорма.Help" id="f368981a-3e66-4f85-93cf-36d33cbc92e3.1" configVersion="6a5a71a4d8b2554b861a7dfe8c89b80800000000"/>
		<Metadata name="Document.Поставка_товара.Help" id="6168c944-0f56-4ca7-a0fc-d28d081aa0a2.1" configVersion="bee43ac6c1db6b4b9e862b970020f70200000000"/>
		<Metadata name="Document.Поставка_товара.ManagerModule" id="6168c944-0f56-4ca7-a0fc-d28d081aa0a2.2" configVersion="011b53aaafc92a488de5c59cf55c2def00000000"/>
		<Metadata name="Document.Поставка_товара.ObjectModule" id="6168c944-0f56-4ca7-a0fc-d28d081aa0a2.0" configVersion="7afc087c80929747a4c9c59706de7c1300000000"/>
		<Metadata name="Document.Реализация_товара" id="7f5f82fb-9b38-41f9-8b1c-1955795fd45a" configVersion="75b6e92f1378554c9406e1088664d1f800000000">
			<Metadata name="Document.Реализация_товара.Attribute.Склад" id="202fadf9-0f78-4ca8-aa84-9a29cfc97a73"/>
			<Metadata name="Document.Реализация_товара.TabularSection.Реализация.Attribute.Цена_за_единицу" id="311c96da-38c7-40c3-80f5-a39d8243e172"/>
			<Metadata name="Document.Реализация_товара.Attribute.Основание" id="31705e7a-fc91-4f20-b602-2dc74b280824"/>
			<Metadata name="Document.Реализация_товара.TabularSection.Реализация.Attribute.Номенклатура" id="46b4d243-4bb0-495e-b7bb-437901cec979"/>
			<Metadata name="Document.Реализация_товара.TabularSection.Реализация.Attribute.Единицы_измерения" id="4e02f0c8-e79a-4d3a-b58d-fbd24d360fb8"/>
			<Metadata name="Document.Реализация_товара.Attribute.Контрагент" id="6ad42faf-b9a6-4f45-a3c3-49e248588b71"/>
			<Metadata name="Document.Реализация_товара.TabularSection.Реализация" id="776fc3ee-a86f-440e-a3fe-759cbd695a08"/>
			<Metadata name="Document.Реализация_товара.TabularSection.Реализация.Attribute.Количество" id="ba1a2783-3d7c-422e-83bd-e480d5c1515c"/>
			<Metadata name="Document.Реализация_товара.Attribute.Отгрузил" id="cfa41a08-cd04-468a-8b5d-13865a8b26d5"/>
			<Metadata name="Document.Реализация_товара.TabularSection.Реализация.Attribute.Сумма" id="faa6ac82-6392-458b-8889-2f3f5f5d1873"/>
		</Metadata>
		<Metadata name="Document.Реализация_товара.Form.ГлавнаяФорма" id="0b8415db-479d-468f-9d2f-5bb9c44267df" configVersion="4b1950f68609114a841e3abc473659a100000000"/>
		<Metadata name="Document.Реализация_товара.Form.ГлавнаяФорма.Form" id="0b8415db-479d-468f-9d2f-5bb9c44267df.0" configVersion="32642eef7bf4be4dab47dc93b0dc170000000000"/>
		<Metadata name="Document.Реализация_товара.Form.ГлавнаяФорма.Help" id="0b8415db-479d-468f-9d2f-5bb9c44267df.1" configVersion="c6bc9c6376602e4a9da56d790cd69c1500000000"/>
		<Metadata name="Document.Реализация_товара.Help" id="7f5f82fb-9b38-41f9-8b1c-1955795fd45a.1" configVersion="479bc9a4ff26754787000d65cbd3550400000000"/>
		<Metadata name="Document.Реализация_товара.ManagerModule" id="7f5f82fb-9b38-41f9-8b1c-1955795fd45a.2" configVersion="adc8bb5b95986248af81c79a3d7031d500000000"/>
		<Metadata name="Document.Реализация_товара.ObjectModule" id="7f5f82fb-9b38-41f9-8b1c-1955795fd45a.0" configVersion="abbc67bb98d82f48908b56ad61c8c1f500000000"/>
		<Metadata name="Enum.Единицы_измерения" id="89ed9da6-92de-4341-87ba-a821223ac073" configVersion="df1104923584cd478647159a918fbac000000000">
			<Metadata name="Enum.Единицы_измерения.EnumValue.Килограмм" id="159553a0-b348-47fb-af71-ff20fda876a6"/>
			<Metadata name="Enum.Единицы_измерения.EnumValue.Коробка" id="2fcf9073-025b-4302-9039-de37623d38cd"/>
			<Metadata name="Enum.Единицы_измерения.EnumValue.Штука" id="585affe4-2bf2-4ab2-bf47-a3f39f44d41b"/>
			<Metadata name="Enum.Единицы_измерения.EnumValue.Литр" id="ccd6b1e3-e7e8-49f4-aa9e-b16e55852154"/>
		</Metadata>
		<Metadata name="Enum.Пол" id="49b68349-f513-4bc6-b158-e32eb5b83e71" configVersion="bdb7c839e0513d4f8b01f3ee46e160f500000000">
			<Metadata name="Enum.Пол.EnumValue.Женский" id="908ebb70-9986-4bf6-bf8b-c6e11d72cbfc"/>
			<Metadata name="Enum.Пол.EnumValue.Мужской" id="e204267f-f719-4fcf-a960-ae0261a1172a"/>
		</Metadata>
		<Metadata name="Enum.Статус_работника" id="316f030f-441e-4936-aed2-f72a940d3364" configVersion="e1c9208394fefb42a72e5cc1c1f6133f00000000">
			<Metadata name="Enum.Статус_работника.EnumValue.Основная_работа" id="f8d8c863-bee0-4a04-be30-16ef7efe1782"/>
			<Metadata name="Enum.Статус_работника.EnumValue.По_договору_ГПХ" id="fff7441e-2692-404d-a6e0-21e469912090"/>
		</Metadata>
		<Metadata name="Language.Русский" id="f237754d-f28f-444d-88ec-fec62b910a05" configVersion="846c1649689cab478618b14b5de918c700000000"/>
		<Metadata name="Report.Анализ_продаж" id="27995ec1-dbf8-4c7d-95c6-ae4d5c5cd423" configVersion="58e6b63ed56af94a8546da7bd38a82d800000000"/>
		<Metadata name="Report.Анализ_продаж.Template.ОсновнаяСхемаКомпоновкиДанных" id="221c860f-0127-4c5f-9fa4-21f9900dc017" configVersion="3830abf832b10b40b6f56ac1a761a8f200000000"/>
		<Metadata name="Report.Анализ_продаж.Template.ОсновнаяСхемаКомпоновкиДанных.Template" id="221c860f-0127-4c5f-9fa4-21f9900dc017.0" configVersion="a9863fefdbf58c488be97fa39f96d86c00000000"/>
		<Metadata name="Report.Именинники_месяца" id="c0b207e0-575a-4626-a4fa-e64dc6fce71b" configVersion="eb2b47b46c022d49b6aa2a53e07f0d8300000000"/>
		<Metadata name="Report.Именинники_месяца.Form.Отчет_отчета" id="e575ce67-68bb-4ac0-904f-70bcc013c292" configVersion="f5abf46eae75c7408b3de107aae946b200000000"/>
		<Metadata name="Report.Именинники_месяца.Form.Отчет_отчета.Form" id="e575ce67-68bb-4ac0-904f-70bcc013c292.0" configVersion="db1bfa4b94f36b4b88aa1f6831c6abb000000000"/>
		<Metadata name="Report.Именинники_месяца.Template.Именинники" id="41934fe4-ba3f-44cf-8bf6-585a788c3047" configVersion="61e8a46a30a3104a9170136eac63d21900000000"/>
		<Metadata name="Report.Именинники_месяца.Template.Именинники.Template" id="41934fe4-ba3f-44cf-8bf6-585a788c3047.0" configVersion="99852ad1bb26d241accdd86c4ab8e1f500000000"/>
		<Metadata name="Subsystem.Основная_деятельность" id="1a4cd51a-1bcf-43cb-8768-8e19ae1715ff" configVersion="58ae4bc4be5fad48b58c9caa31e5869300000000"/>
		<Metadata name="Subsystem.Основная_деятельность.CommandInterface" id="1a4cd51a-1bcf-43cb-8768-8e19ae1715ff.1" configVersion="22218502a028d74a81d069a47ac9665200000000"/>
		<Metadata name="Subsystem.Основная_деятельность.Subsystem.Документы" id="6dd56ab9-2e5a-42cf-91f0-81babac7ac27" configVersion="af5b18ac64cd604aa780e0873211957800000000"/>
		<Metadata name="Subsystem.Основная_деятельность.Subsystem.Регистры" id="d8485680-c602-462e-9c24-9669559af63b" configVersion="7964851c4fbae34a9d86c6d7bb15348700000000"/>
		<Metadata name="Subsystem.Основная_деятельность.Subsystem.Регистры.CommandInterface" id="d8485680-c602-462e-9c24-9669559af63b.1" configVersion="bfbde8eb7f8d864cab72c8b662b617c400000000"/>
		<Metadata name="Subsystem.Основная_деятельность.Subsystem.Справочники" id="29925a78-711b-4f93-b072-3f21d1a6e380" configVersion="93164b4d5cb0314d88b3f51549f95b4b00000000"/>
		<Metadata name="Subsystem.Прочее" id="e112aaad-4c98-40ec-a295-dd8abb96e32f" configVersion="83afe9db9881b14499639bd7e135334200000000"/>
		<Metadata name="Subsystem.Прочее.Subsystem.Справочники" id="e3e5ba82-5582-4ca2-ac07-053458aaeb7a" configVersion="2e57a8227701e943b33db91219a74ac400000000"/>
	</ConfigVersions>
</ConfigDumpInfo>