﻿<?xml version="1.0" encoding="UTF-8"?>
<MetaDataObject xmlns="http://v8.1c.ru/8.3/MDClasses" xmlns:app="http://v8.1c.ru/8.2/managed-application/core" xmlns:cfg="http://v8.1c.ru/8.1/data/enterprise/current-config" xmlns:cmi="http://v8.1c.ru/8.2/managed-application/cmi" xmlns:ent="http://v8.1c.ru/8.1/data/enterprise" xmlns:lf="http://v8.1c.ru/8.2/managed-application/logform" xmlns:style="http://v8.1c.ru/8.1/data/ui/style" xmlns:sys="http://v8.1c.ru/8.1/data/ui/fonts/system" xmlns:v8="http://v8.1c.ru/8.1/data/core" xmlns:v8ui="http://v8.1c.ru/8.1/data/ui" xmlns:web="http://v8.1c.ru/8.1/data/ui/colors/web" xmlns:win="http://v8.1c.ru/8.1/data/ui/colors/windows" xmlns:xen="http://v8.1c.ru/8.3/xcf/enums" xmlns:xpr="http://v8.1c.ru/8.3/xcf/predef" xmlns:xr="http://v8.1c.ru/8.3/xcf/readable" xmlns:xs="http://www.w3.org/2001/XMLSchema" xmlns:xsi="http://www.w3.org/2001/XMLSchema-instance" version="2.16">
	<Enum uuid="89ed9da6-92de-4341-87ba-a821223ac073">
		<InternalInfo>
			<xr:GeneratedType name="EnumRef.Единицы_измерения" category="Ref">
				<xr:TypeId>765da55d-b366-4904-b333-3b5089e62242</xr:TypeId>
				<xr:ValueId>bb53dda2-f5a3-42f7-8c70-2a44cac974a5</xr:ValueId>
			</xr:GeneratedType>
			<xr:GeneratedType name="EnumManager.Единицы_измерения" category="Manager">
				<xr:TypeId>0af25d59-6883-4563-b350-38ebf8b51b19</xr:TypeId>
				<xr:ValueId>8fc3c6d0-0ae0-4f8c-8687-f191bde41c4f</xr:ValueId>
			</xr:GeneratedType>
			<xr:GeneratedType name="EnumList.Единицы_измерения" category="List">
				<xr:TypeId>9b418d9c-275d-43a7-b092-b0ff95ea7592</xr:TypeId>
				<xr:ValueId>10abed8e-d3c9-436c-9b03-cd50fda3fae8</xr:ValueId>
			</xr:GeneratedType>
		</InternalInfo>
		<Properties>
			<Name>Единицы_измерения</Name>
			<Synonym>
				<v8:item>
					<v8:lang>ru</v8:lang>
					<v8:content>Единицы измерения</v8:content>
				</v8:item>
			</Synonym>
			<Comment/>
			<UseStandardCommands>false</UseStandardCommands>
			<Characteristics/>
			<QuickChoice>true</QuickChoice>
			<ChoiceMode>BothWays</ChoiceMode>
			<DefaultListForm/>
			<DefaultChoiceForm/>
			<AuxiliaryListForm/>
			<AuxiliaryChoiceForm/>
			<ListPresentation/>
			<ExtendedListPresentation/>
			<Explanation/>
			<ChoiceHistoryOnInput>Auto</ChoiceHistoryOnInput>
		</Properties>
		<ChildObjects>
			<EnumValue uuid="585affe4-2bf2-4ab2-bf47-a3f39f44d41b">
				<Properties>
					<Name>Штука</Name>
					<Synonym>
						<v8:item>
							<v8:lang>ru</v8:lang>
							<v8:content>Шт</v8:content>
						</v8:item>
					</Synonym>
					<Comment/>
				</Properties>
			</EnumValue>
			<EnumValue uuid="ccd6b1e3-e7e8-49f4-aa9e-b16e55852154">
				<Properties>
					<Name>Литр</Name>
					<Synonym>
						<v8:item>
							<v8:lang>ru</v8:lang>
							<v8:content>Литр</v8:content>
						</v8:item>
					</Synonym>
					<Comment/>
				</Properties>
			</EnumValue>
			<EnumValue uuid="2fcf9073-025b-4302-9039-de37623d38cd">
				<Properties>
					<Name>Коробка</Name>
					<Synonym>
						<v8:item>
							<v8:lang>ru</v8:lang>
							<v8:content>Кор</v8:content>
						</v8:item>
					</Synonym>
					<Comment/>
				</Properties>
			</EnumValue>
			<EnumValue uuid="159553a0-b348-47fb-af71-ff20fda876a6">
				<Properties>
					<Name>Килограмм</Name>
					<Synonym>
						<v8:item>
							<v8:lang>ru</v8:lang>
							<v8:content>Кг</v8:content>
						</v8:item>
					</Synonym>
					<Comment/>
				</Properties>
			</EnumValue>
		</ChildObjects>
	</Enum>
</MetaDataObject>