﻿<?xml version="1.0" encoding="UTF-8"?>
<MetaDataObject xmlns="http://v8.1c.ru/8.3/MDClasses" xmlns:app="http://v8.1c.ru/8.2/managed-application/core" xmlns:cfg="http://v8.1c.ru/8.1/data/enterprise/current-config" xmlns:cmi="http://v8.1c.ru/8.2/managed-application/cmi" xmlns:ent="http://v8.1c.ru/8.1/data/enterprise" xmlns:lf="http://v8.1c.ru/8.2/managed-application/logform" xmlns:style="http://v8.1c.ru/8.1/data/ui/style" xmlns:sys="http://v8.1c.ru/8.1/data/ui/fonts/system" xmlns:v8="http://v8.1c.ru/8.1/data/core" xmlns:v8ui="http://v8.1c.ru/8.1/data/ui" xmlns:web="http://v8.1c.ru/8.1/data/ui/colors/web" xmlns:win="http://v8.1c.ru/8.1/data/ui/colors/windows" xmlns:xen="http://v8.1c.ru/8.3/xcf/enums" xmlns:xpr="http://v8.1c.ru/8.3/xcf/predef" xmlns:xr="http://v8.1c.ru/8.3/xcf/readable" xmlns:xs="http://www.w3.org/2001/XMLSchema" xmlns:xsi="http://www.w3.org/2001/XMLSchema-instance" version="2.16">
	<Enum uuid="49b68349-f513-4bc6-b158-e32eb5b83e71">
		<InternalInfo>
			<xr:GeneratedType name="EnumRef.Пол" category="Ref">
				<xr:TypeId>f8ef5148-8f02-4dbb-b85d-5589ae1a6c21</xr:TypeId>
				<xr:ValueId>9fd4aedf-2bfd-412a-8b84-e06d4467c989</xr:ValueId>
			</xr:GeneratedType>
			<xr:GeneratedType name="EnumManager.Пол" category="Manager">
				<xr:TypeId>b1a2bb65-41d5-4484-ac5b-13c905a44199</xr:TypeId>
				<xr:ValueId>b02274c2-db57-4c33-b686-7b4394a7714e</xr:ValueId>
			</xr:GeneratedType>
			<xr:GeneratedType name="EnumList.Пол" category="List">
				<xr:TypeId>c09ada42-ab4f-43f8-9d94-59d36767fe10</xr:TypeId>
				<xr:ValueId>db48ab24-3a36-45e9-9731-cedc1a978f71</xr:ValueId>
			</xr:GeneratedType>
		</InternalInfo>
		<Properties>
			<Name>Пол</Name>
			<Synonym>
				<v8:item>
					<v8:lang>ru</v8:lang>
					<v8:content>Пол</v8:content>
				</v8:item>
			</Synonym>
			<Comment/>
			<UseStandardCommands>false</UseStandardCommands>
			<Characteristics/>
			<QuickChoice>true</QuickChoice>
			<ChoiceMode>BothWays</ChoiceMode>
			<DefaultListForm/>
			<DefaultChoiceForm/>
			<AuxiliaryListForm/>
			<AuxiliaryChoiceForm/>
			<ListPresentation/>
			<ExtendedListPresentation/>
			<Explanation/>
			<ChoiceHistoryOnInput>Auto</ChoiceHistoryOnInput>
		</Properties>
		<ChildObjects>
			<EnumValue uuid="e204267f-f719-4fcf-a960-ae0261a1172a">
				<Properties>
					<Name>Мужской</Name>
					<Synonym>
						<v8:item>
							<v8:lang>ru</v8:lang>
							<v8:content>Муж</v8:content>
						</v8:item>
					</Synonym>
					<Comment/>
				</Properties>
			</EnumValue>
			<EnumValue uuid="908ebb70-9986-4bf6-bf8b-c6e11d72cbfc">
				<Properties>
					<Name>Женский</Name>
					<Synonym>
						<v8:item>
							<v8:lang>ru</v8:lang>
							<v8:content>Жен</v8:content>
						</v8:item>
					</Synonym>
					<Comment/>
				</Properties>
			</EnumValue>
		</ChildObjects>
	</Enum>
</MetaDataObject>