﻿<?xml version="1.0" encoding="UTF-8"?>
<MetaDataObject xmlns="http://v8.1c.ru/8.3/MDClasses" xmlns:app="http://v8.1c.ru/8.2/managed-application/core" xmlns:cfg="http://v8.1c.ru/8.1/data/enterprise/current-config" xmlns:cmi="http://v8.1c.ru/8.2/managed-application/cmi" xmlns:ent="http://v8.1c.ru/8.1/data/enterprise" xmlns:lf="http://v8.1c.ru/8.2/managed-application/logform" xmlns:style="http://v8.1c.ru/8.1/data/ui/style" xmlns:sys="http://v8.1c.ru/8.1/data/ui/fonts/system" xmlns:v8="http://v8.1c.ru/8.1/data/core" xmlns:v8ui="http://v8.1c.ru/8.1/data/ui" xmlns:web="http://v8.1c.ru/8.1/data/ui/colors/web" xmlns:win="http://v8.1c.ru/8.1/data/ui/colors/windows" xmlns:xen="http://v8.1c.ru/8.3/xcf/enums" xmlns:xpr="http://v8.1c.ru/8.3/xcf/predef" xmlns:xr="http://v8.1c.ru/8.3/xcf/readable" xmlns:xs="http://www.w3.org/2001/XMLSchema" xmlns:xsi="http://www.w3.org/2001/XMLSchema-instance" version="2.16">
	<Enum uuid="316f030f-441e-4936-aed2-f72a940d3364">
		<InternalInfo>
			<xr:GeneratedType name="EnumRef.Статус_работника" category="Ref">
				<xr:TypeId>0f3f1508-479b-4c6b-808f-f87d5c06b574</xr:TypeId>
				<xr:ValueId>8e77501e-a703-481c-8a16-24774392d3c7</xr:ValueId>
			</xr:GeneratedType>
			<xr:GeneratedType name="EnumManager.Статус_работника" category="Manager">
				<xr:TypeId>f8104dbe-659b-43da-b729-6ae9d34ebc49</xr:TypeId>
				<xr:ValueId>fd6ae0ef-133f-456f-bc8a-c75c39b7bd66</xr:ValueId>
			</xr:GeneratedType>
			<xr:GeneratedType name="EnumList.Статус_работника" category="List">
				<xr:TypeId>3374e315-b76b-47c3-aa8a-f1e99d624090</xr:TypeId>
				<xr:ValueId>feb4f680-5a17-4c00-9177-423918dd7d28</xr:ValueId>
			</xr:GeneratedType>
		</InternalInfo>
		<Properties>
			<Name>Статус_работника</Name>
			<Synonym>
				<v8:item>
					<v8:lang>ru</v8:lang>
					<v8:content>Статус работника</v8:content>
				</v8:item>
			</Synonym>
			<Comment/>
			<UseStandardCommands>false</UseStandardCommands>
			<Characteristics/>
			<QuickChoice>true</QuickChoice>
			<ChoiceMode>BothWays</ChoiceMode>
			<DefaultListForm/>
			<DefaultChoiceForm/>
			<AuxiliaryListForm/>
			<AuxiliaryChoiceForm/>
			<ListPresentation/>
			<ExtendedListPresentation/>
			<Explanation/>
			<ChoiceHistoryOnInput>Auto</ChoiceHistoryOnInput>
		</Properties>
		<ChildObjects>
			<EnumValue uuid="f8d8c863-bee0-4a04-be30-16ef7efe1782">
				<Properties>
					<Name>Основная_работа</Name>
					<Synonym>
						<v8:item>
							<v8:lang>ru</v8:lang>
							<v8:content>Основная работа</v8:content>
						</v8:item>
					</Synonym>
					<Comment/>
				</Properties>
			</EnumValue>
			<EnumValue uuid="fff7441e-2692-404d-a6e0-21e469912090">
				<Properties>
					<Name>По_договору_ГПХ</Name>
					<Synonym>
						<v8:item>
							<v8:lang>ru</v8:lang>
							<v8:content>По договору ГПХ</v8:content>
						</v8:item>
					</Synonym>
					<Comment/>
				</Properties>
			</EnumValue>
		</ChildObjects>
	</Enum>
</MetaDataObject>